"Sl. No.","Vehicle Name","Vehicle Number","Total Quantity Taken(Ltr)"
1,JH16G2193,"TATA SIGNA",778.00
2,JH16G2192,"TATA SIGNA",1804.00
3,JH16F2194,"TATA SIGNA",2843.00
4,JH16F4536,"TATA SIGNA",2968.00
5,JH16F0284,"TATA SIGNA",4014.00
6,JH16F6025,"TATA SIGNA",3089.00
7,JH16G5183,"TATA SIGNA",2722.00
8,JH16G6220,"TATA SIGNA",3285.00
9,JH16G7213,"TATA SIGNA",2146.00
10,JH16G5832,"TATA SIGNA",2889.00
11,JH16F3425,"TATA SIGNA",3436.00
12,JH16G1581,"TATA SIGNA",2790.00
13,JH16G1491,"TATA SIGNA",4416.00
14,JH16G1844,"TATA SIGNA",2819.00
15,JH16G2631,"TATA SIGNA",2665.00
16,JH16G2965,"TATA SIGNA",2759.00
17,JH16G4003,"TATA SIGNA",2914.00
18,JH16G7244,"TATA SIGNA",2700.00
19,JH16H5580,"TATA SIGNA",3264.00
20,JH16G3390,"TATA SIGNA",3847.00
21,JH16H3226,"TATA SIGNA",2998.00
22,JH16H0045,,3090.00
23,JH16H2054,"TATA SIGNA",3725.00
24,JH16F0109,,792.00
25,JH16G0549,"TATA SIGNA",761.00
26,JH16G0650,"TATA SIGNA",889.00
27,JH16G5035,"TATA SIGNA",2779.00
28,JH16G4769,"TATA SIGNA",2631.00
29,JH16H1557,"TATA SIGNA",2741.00
30,JH16H1594,"TATA SIGNA",2947.00
31,JH16H3195,"TATA SIGNA",3559.00
32,JH16H3694,"TATA SIGNA",2790.00
33,JH16H6751,"TATA SIGNA",3141.00
34,JH16H8681,"TATA SIGNA",2921.00
35,JH16F8289,"TATA SIGNA",2683.00
36,JH16G1072,"TATA SIGNA",2804.00
37,JH16G8125,"TATA SIGNA",3004.00
38,JH16H0799,"TATA SIGNA",3302.00
39,JH16G5603,"TATA SIGNA",3243.00
40,JH16F2914,"TATA SIGNA",3369.00
41,JH16G3911,"TATA SIGNA",2888.00
42,JH16G3424,"TATA SIGNA",5074.00
43,JH16G3246,"TATA SIGNA",3024.00
44,JH16G5930,"TATA SIGNA",4181.00
45,JH16G6499,"TATA SIGNA",3742.00
46,JH16G7141,"TATA SIGNA",3618.00
47,JH16H8455,"TATA SIGNA",3285.00
48,JH16H3877,"TATA SIGNA",2875.00
49,JH16H7096,"TATA SIGNA",2822.00
50,JH16H1138,"TATA SIGNA",2808.00
51,JH16H9740,"TATA SIGNA",3042.00
52,JH16G8753,"TATA SIGNA",3040.00
53,JH16H3479,"TATA SIGNA",3019.00
54,JH16G1496,"TATA SIGNA",3181.00
55,JH16G4396,"TATA SIGNA",2963.00
56,JH16G1046,"TATA SIGNA",4693.00
57,JH16G0045,"TATA SIGNA",4312.10
58,JH16G8295,"TATA SIGNA",4218.00
59,JH16G8682,"TATA SIGNA",1671.00
60,JH16H2849,"TATA SIGNA",4117.50
61,JH16H5507,"TATA SIGNA",4281.50
62,JH16G6015,"TATA SIGNA",4084.50
63,JH16G8299,"TATA SIGNA",4846.00
64,JH16G6706,"TATA SIGNA",4671.50
65,JH16F5926,"TATA SIGNA",175.00
66,JH16F6104,"TATA SIGNA",282.00
67,JH16G1138,"TATA SIGNA",4988.00
68,JH16G8876,"TATA SIGNA",3886.50
69,JH16F2865,"TATA SIGNA",2744.00
70,JH16G3936,"TATA SIGNA",4387.00
71,JH16F7275,"TATA SIGNA",4247.00
72,JH16F7063,"TATA SIGNA",4746.00
73,JH16G4136,"TATA SIGNA",4821.10
74,JH16G1968,"TATA SIGNA",4849.00
75,JH16G2416,"TATA SIGNA",5007.00
76,JH16G9147,"TATA SIGNA",4801.80
77,JH16G5811,"TATA SIGNA",4714.90
78,JH16G4094,"TATA SIGNA",4686.00
79,JH16G9581,"TATA SIGNA",3340.00
80,JH16G1762,"TATA SIGNA",2889.00
81,JH16H6597,"TATA SIGNA",4735.00
82,JH16H1680,"TATA SIGNA",2902.00
83,JH16F3954,"TATA SIGNA",2556.00
84,JH16G2344,"TATA SIGNA",1974.00
85,JH16G0943,"TATA SIGNA",3856.00
86,JH16H6041,"TATA SIGNA",2976.00
87,JH16H1810,"TATA SIGNA",3204.00
88,JH16H2244,"TATA SIGNA",3004.00
89,JH16H3439,"TATA SIGNA",3251.00
90,JH16H8577,"TATA SIGNA",3063.00
91,JH16H9666,"TATA SIGNA",3004.00
92,JH16H9412,"TATA SIGNA",2942.00
93,JH16H7843,"TATA SIGNA",3299.00
94,JH16H3673,"TATA SIGNA",3171.00
95,JH16H8449,"TATA SIGNA",3215.00
96,JH16H0199,"TATA SIGNA",3220.00
97,JH16G0803,"TATA SIGNA",3187.00
98,JH16G4405,"TATA SIGNA",3304.00
99,JH16G2141,"TATA SIGNA",3681.00
100,JH16G6135,"TATA SIGNA",2995.00
101,JH16G8614,"TATA SIGNA",3298.00
102,JH16H1172,"TATA SIGNA",3277.00
103,JH16H4709,"TATA SIGNA",2733.00
104,JH16H8289,"TATA SIGNA",3247.00
105,JH16H4752,"TATA SIGNA",3439.00
106,JH16H5636,"TATA SIGNA",3426.00
107,JH16G7212,"TATA SIGNA",2945.00
108,JH16G9940,"TATA SIGNA",3524.00
109,JH16G3369,"TATA SIGNA",3546.00
110,JH16H4619,"TATA SIGNA",3526.00
111,JH16G6670,"TATA SIGNA",3798.00
112,JH16H8771,"TATA SIGNA",3212.00
113,JH16G8552,"TATA SIGNA",3884.00
114,JH16H3748,"TATA SIGNA",3663.00
115,JH16H2102,"TATA SIGNA",3420.00
116,JH16H1403,"TATA SIGNA",3426.00
117,JH16G9207,"TATA SIGNA",3640.00
118,JH16G5045,"TATA SIGNA",3109.00
119,JH16H7274,"TATA SIGNA",3255.00
120,JH16H2973,"TATA SIGNA",3340.00
121,JH16H0272,"TATA SIGNA",2762.00
122,JH16H8308,"TATA SIGNA",2735.00
123,JH16H2829,"TATA SIGNA",3094.00
124,JH16G0591,"TATA SIGNA",3340.00
125,JH16H1039,"TATA SIGNA",3403.00
126,JH16H4859,"TATA SIGNA",3530.00
127,JH16H3477,"TATA SIGNA",3204.00
128,JH16H7813,"TATA SIGNA",2874.00
129,JH16H2634,"TATA SIGNA",3976.00
130,JH16G2156,"TATA SIGNA",3095.00
131,JH16G7897,"TATA SIGNA",3093.00
132,JH16G5883,"TATA SIGNA",2982.00
133,JH16H0651,"TATA SIGNA",3029.00
134,JH16H0449,"TATA SIGNA",2882.00
135,JH16H6857,"TATA SIGNA",3011.00
136,JH16H8881,"TATA SIGNA",3509.00
137,JH16H3078,"TATA SIGNA",3176.00
138,JH16H3509,"TATA SIGNA",3297.00
139,JH16H6059,"TATA SIGNA",3259.00
140,JH16H7333,"TATA SIGNA",3755.00
141,JH16H9464,"TATA SIGNA",2751.00
142,JH16H9754,"TATA SIGNA",2988.00
143,JH16H9913,"TATA SIGNA",3022.00
144,JH16H1815,"TATA SIGNA",2866.00
145,JH16H3290,"TATA SIGNA",2941.00
146,JH16H0845,"TATA SIGNA",2491.00
147,JH16H7989,"TATA SIGNA",2591.00
148,JH16H3360,"TATA SIGNA",1688.00
149,JH16H0302,"TATA SIGNA",3448.00
150,JH16F8620,"TATA SIGNA",2981.00
151,JH16F9164,"TATA SIGNA",2838.00
152,JH16F6525,"TATA SIGNA",3167.00
153,JH16F3451,"TATA SIGNA",2839.00
154,JH16F7085,"TATA SIGNA",2185.00
155,JH16G7741,"TATA SIGNA",2018.00
156,JH16F3525,"TATA SIGNA",2612.00
157,JH16H0380,"TATA SIGNA",3540.00
158,JH16F5202,"TATA SIGNA",2311.00
159,JH16H6723,"TATA SIGNA",2951.00
160,JH16F6784,"TATA SIGNA",4366.00
161,JH16F6767,"TATA SIGNA",3741.20
162,JH16F7944,"TATA SIGNA",4263.70
163,JH16G7132,"TATA SIGNA",3212.00
164,JH16G9548,"TATA SIGNA",3621.00
165,JH04X2383,"TATA SIGNA",4430.10
166,JH04Y7989,"TATA SIGNA",4992.80
167,JH16G0046,"TATA SIGNA",2992.00
168,JH16F2937,"TATA SIGNA",2821.00
169,JH16H5199,"TATA SIGNA",2825.00
170,JH16F3611,"TATA SIGNA",2795.00
171,JH16F5641,"TATA SIGNA",3438.00
172,JH16G7114,"TATA SIGNA",3422.00
173,JH16H1881,"TATA SIGNA",2938.00
174,JH16H2066,"TATA SIGNA",2961.00
175,JH16G0156,"TATA SIGNA",5229.30
176,JH16H4042,"TATA SIGNA",3402.00
177,JH16G5353,"TATA SIGNA",4599.90
178,JH16G7224,"TATA SIGNA",4659.00
179,JH16F4738,"TATA SIGNA",3586.90
180,JH04Y6139,"TATA SIGNA",3204.00
181,JH16G6498,"TATA SIGNA",4619.00
182,JH16H2647,"TATA SIGNA",3163.00
183,JH16G9676,"TATA SIGNA",4664.00
184,JH16G8431,"TATA SIGNA",3028.00
185,JH16G7392,"TATA SIGNA",5144.00
186,"Grader Sam",Shyam,185.00
187,JH16H0046,"TATA SIGNA",2968.00
188,JH16H1046,"TATA SIGNA",3146.00
189,JH16F1046,"TATA SIGNA",4620.00
190,JH16H1045,"TATA SIGNA",2679.00
191,JH16H7487,"BOLERO PASSENGER",37.00
192,JH16G2016,"Mahindra Scorpio",344.01
193,JH16H2637,"Bolero N10",506.00
194,"MEJOR SIR",OTHERS,184.00
195,JH16H9996,"TATA SIGNA",1736.00
196,JH16G7070,INOVA,42.00
197,JH16G7313,"Diesel tanker",437.00
198,"Nissar Hot","Not applicable",30.00
199,JH16J2016,Alcreza,93.00
200,JH16H1717,"TATA SIGNA",2247.00
201,JH16G9716,"TATA SIGNA",1646.00
202,JH16H2268,"TATA SIGNA",1799.00
203,JH16G2268,"TATA SIGNA",2374.00
204,JH16H2896,"Tata Signa",2729.00
